  2292	Dominic Clifton <me@dominicclifton.name>
   177	Nicholas Sherlock <n.sherlock@gmail.com>
   160	dongie <timecop@gmail.com>
   157	Martin Budden <mjbudden@gmail.com>
   146	timecop@gmail.com <timecop@gmail.com@7c89a4a9-59b9-e629-4cfe-3a2d53b20e61>
   145	Petr Ledvina <ledvinap@gmail.com>
   127	Martin Schröder <mkschreder.uk@gmail.com>
    96	gael <gaeljames@gmail.com>
    92	Michael Jakob <michael.p.jakob@web.de>
    87	timecop <timecop@7c89a4a9-59b9-e629-4cfe-3a2d53b20e61>
    56	Michael Hope <mlhx@google.com>
    54	borisbstyle <dreambb1982@gmail.com>
    36	treymarc <trey.marc@gmail.com>
    34	Joel Fuster <j@fuster.org>
    33	Pierre Hugo <avoid3d@gmail.com>
    31	Dominic Clifton <dominic.clifton@cleanflight.com>
    29	Pierre-A <pierre.archambault@univ-lorraine.fr>
    28	Paul Rogalinski <paul@paul.vc>
    28	ProDrone <me@prodrone.com>
    23	Dave Pitman <dl@pitman.us>
    17	Ben Hitchcock <ben@zensoft.com.au>
    15	Andrew Payne <andy@payne.org>
    15	Jan Staal <info@janstaal.com>
    13	pulsar256 <github@t00ltime.de>
    12	Konstantin Sharlaimov (DigitalEntity) <konstantin.sharlaimov@gmail.com>
    12	Stefan Grufman <stefan.grufman@gmail.com>
    12	Steveis <steveis@stevis.com>
    12	luggi <luke128@cnh.at>
    11	Echelon9 <rhyskidd@gmail.com>
    11	Fredrik Steen <fredrik.steen@redpill-linpro.com>
    11	Larry (TBS) <larryho5@gmail.com>
    11	Pim van Pelt <pim@ipng.nl>
    10	4712 <4712@outlook.de>
    10	Kemal Hadimli <kemal@hadimli.com>
    10	NightHawk32 <nighthawk2244@gmail.com>
    10	Trey Marc <trey.marc@gmail.com>
     8	Johannes Kasberger <schugabe@gmx.at>
     8	Read Error <readerror67@gmail.com>
     8	tricopterY <tricoptery@gmail.com>
     7	Administrator <alex@opcode1300.com>
     7	DaTwo <xgenmods@gmail.com>
     7	Kyle Manna <kyle@kylemanna.com>
     7	Steveis <SteveAmor@users.noreply.github.com>
     7	tracernz <michael.corcoran@outlook.com>
     7	tracernz <tracernz@users.noreply.github.com>
     6	Andre Bernet <andre@andrebernet.ch>
     6	Brnadon Miller <github@spam.firepunk.com>
     6	Chris Penny <chris@untested.com>
     6	Florian Huber <florian.huber@post.harvard.edu>
     6	Jonas Harnesk <jonas.harnesk@bolero.se>
     6	Jonathan Hudson <jh+w1retap@daria.co.uk>
     6	KipK <hotlobster75@gmail.com>
     6	idefixsin <idefixforum@gmail.com>
     5	3djc <lesitewebdejc@hotmail.com>
     5	Anders Hoglund <AndWho@gmail.com>
     5	DTF UHF <dtfuhf@gmail.com>
     5	Jenny <pinkywafer@users.noreply.github.com>
     5	Konstantin Sharlaimov <konstantin.sharlaimov@gmail.com>
     5	Paul Fertser <fercerpav@gmail.com>
     5	Velyks <itsthetom@googlemail.com>
     5	digitalentity <konstantin.sharlaimov@gmail.com>
     5	nathan <nathan@vertile.com>
     5	stuphi <philip@stuphi.co.uk>
     4	Akfreak <Akfreak@users.noreply.github.com>
     4	Gregor Ottmann <zaphod@bluephod.net>
     4	Jonas Harnesk <jonas@harnesk.net>
     4	Marc <datamafia@users.noreply.github.com>
     4	Moshen Chan <moshen@gmail.com>
     4	Moto Moto <skybolt83jl@gmail.com>
     4	Samuel Brucksch <SamuelBrucksch@users.noreply.github.com>
     4	Tuomas Kuosmanen <tuomas.kuosmanen@gmail.com>
     4	airmamaf <airmamaf@gmail.com>
     3	Alexander Fedorov <fedor@anuta.org>
     3	Austin St. Aubin <AustinSaintAubin@users.noreply.github.com>
     3	Chris Campbell <iforce2d@gmail.com>
     3	Chris Mavrakis <cmavr8@gmail.com>
     3	Denis Kisselev <denis@dkisselev.net>
     3	Juan González <opsi@opsiland.info>
     3	Kieran Moore <kieran@snooze-button.com>
     3	Lukas S <megagigagau@hotmail.com>
     3	Lupin <lupin@virtual>
     3	Marc Egli <frog32@me.com>
     3	Mauro Mombelli <mauro@mombelli.me>
     3	Nicholas Sherlock <N.sherlock@gmail.com>
     3	Pawel <pspychalski@gmail.com>
     3	Pawel Spychalski (DzikuVx) <pspychalski@gmail.com>
     3	Phillip Jones <phillip@scionuas.com>
     3	Sam Cook <github@sam.net.nz>
     3	Sean Vig <sean.v.775@gmail.com>
     3	YANN OEFFNER <yann.oeffner@gmail.com>
     3	Your Name <you@example.com>
     3	bubi-007 <bubi-007@hispeed.ch>
     3	cklam2 <cklam2@outlook.com>
     3	kh4 <khautio@gmail.com>
     2	4712 <4712@users.noreply.github.com>
     2	Alex Zaitsev <azaitsev@gmail.com>
     2	André <andre-karreman@live.nl>
     2	Ben Hitchcock <benh@perthweb.com.au>
     2	Craig J Perry <craigp84@gmail.com>
     2	David Bieber <dbieber@princeton.edu>
     2	Dustin <astralisdustin@gmail.com>
     2	E Thomas <ethomas997@etsphere.com>
     2	Flyinghead <raphael.jean@gmail.com>
     2	Frank Zhao <frank.zhao.main@gmail.com>
     2	Garth <garth@serviceagility.co.uk>
     2	Goebish <goebish@gmail.com>
     2	Jeremy Waters <jaffadog@gmail.com>
     2	Malaquitte <malaquitte@gmail.com>
     2	Mark Williams <mark@mtrl.co.uk>
     2	Max Winterstein <MaxWinterstein@users.noreply.github.com>
     2	Moritz Ulrich <moritz@tarn-vedra.de>
     2	Rich <rich@qbranch.org>
     2	Richard Marko <rissko@gmail.com>
     2	Scott Shawcroft <scott.shawcroft@gmail.com>
     2	Steve Amor <SteveAmor@users.noreply.github.com>
     2	TronskiFPV <troyboy162@hotmail.com>
     2	Ubuntu <destroy-everything@users.noreply.github.com>
     2	aergid <develer@gmail.com>
     2	bouwens.mehl@gmail.com <bouwens.mehl@gmail.com@7c89a4a9-59b9-e629-4cfe-3a2d53b20e61>
     2	codepox <codepox@gmail.com>
     2	dan557 <dan@scottsmail.x10.mx>
     2	dascons <reubarb.scons@gmail.com>
     2	edusteinhorst <edu@edusteinhorst.com>
     2	geekaz01d <richard@geekazoid.net>
     2	gkvirkvia <gkvirkvia@users.noreply.github.com>
     2	joshuabardwell <joshuabardwell@gmail.com>
     2	modem158 <jeremy.karnes@gmail.com>
     2	sbaron <s.baron@server-5.net>
     2	sppnk <sppnk@users.noreply.github.com>
     1	Airmamaf <airmamaf@gmail.com>
     1	Albert Kravcov <skaman82@users.noreply.github.com>
     1	Alex Gorbatchev <alex.gorbatchev@gmail.com>
     1	Andreas Tacke <at@mail.fiendie.net>
     1	Arne Schwabe <arne@rfc2549.org>
     1	Axel <axel.francois@gmail.com>
     1	Bas Huisman <bhuism@odee.net>
     1	Ben <Lordnibbler@users.noreply.github.com>
     1	Benji <asdf.tgz@gmail.com>
     1	BorisB <boris.bozic@radioaccess.nl>
     1	Chris Nisbet <nischris@gmail.com>
     1	Crashpilot1000 <r.balko@yahoo.de>
     1	Damjan Adamic <projectkk2glider@gmail.com>
     1	DarkVegetableMatter <darkvegetablematter@gmail.com>
     1	Davide Bertola <dade@dadeb.it>
     1	DreamNik <dreamnik@mail.ru>
     1	EvilBadger <aj.roberts84@gmail.com>
     1	Ferdia McKeogh <ferdiamckeogh@outlook.com>
     1	Gareth Wilkins <projects@lostnode.org>
     1	Garth Berry <garth@serviceagility.co.uk>
     1	Garth Bushell <garth@garthy.com>
     1	Gaël James <gaelj@users.noreply.github.com>
     1	Geoff Stearns <geoff@deconcept.com>
     1	Hwurzburg <hwurzburg@yahoo.com>
     1	Hyon Lim <limhyon@gmail.com>
     1	JBFUK <justinfielding@gmail.com>
     1	James Harrison <JamesHarrison@users.noreply.github.com>
     1	Joe Poser <joe.poser@gmail.com>
     1	Johannes <jo930@users.noreply.github.com>
     1	JohnieBraaf <info@janstaal.com>
     1	Kevin <smeatsan@gmail.com>
     1	Krzysztof Rosinski <kr.rosinski@gmail.com>
     1	Krzysztof Rosiński <kr.rosinski@gmail.com>
     1	Larry Davis <lazdnet@gmail.com>
     1	Lichtl <lichtl@cerberus.x-modder.de>
     1	Lukas S <luke128@cnh.at>
     1	MasterZap <zap@master-zap.com>
     1	Matthew Evans <add1ct3dd@gmail.com>
     1	Mauro Mombelli <mombelli.mauro@gmail.com>
     1	Michael Corcoran <mrc93@uclive.ac.nz>
     1	Miha Valencic <miha.valencic@gmail.com>
     1	Mikael Blomqvist <fnurgel@gmail.com>
     1	NL-Splinter <janhein@zonnet.nl>
     1	Paul Waszkiewicz <paulwas@msn.com>
     1	Paweł Spychalski <pspychalski@gmail.com>
     1	Per Magnus Auby <permagnus@gmail.com>
     1	Philippe-France <p.solivier@free.fr>
     1	Phillip Jones <pjones13@gmail.com>
     1	Randy <rantiva111@comcast.net>
     1	Richard Birkby <rbirkby@gmail.com>
     1	Richard Lehey <rlehey+gh@gmail.com>
     1	Rimas Avizienis <rimas@eecs.berkeley.edu>
     1	Robert Budde <robert.budde@ing-budde.de>
     1	St7ven <surfbreizh@gmail.com>
     1	Thomas <kaefert@gmail.com>
     1	Thomas Buck <xythobuz@xythobuz.de>
     1	Timothy Trowbridge <timothy_trowbridge@hotmail.com>
     1	U-THINKPADWIN\František Horínek <frantisekhorinek@gmail.com>
     1	U-possi\David <C:\Users\David\AppData\Roaming\The Bat!>
     1	U-possi\David <netsplits@yahoo.es>
     1	UKTamo <UKTamo@gmail.com>
     1	alwex <2go@bk.ru>
     1	atomiclama <andy@purplelama.co.uk>
     1	atomiclama <somebody@somewhere.com>
     1	chris / brookins <chris@brookins.info>
     1	chris-penny <chris@untested.com>
     1	curtisbyers <curtisbyers@gmail.com>
     1	dominicc1974@gmail.com <dominicc1974@gmail.com@7c89a4a9-59b9-e629-4cfe-3a2d53b20e61>
     1	enly1 [Simon Love] <git@techlib.co.uk>
     1	eziosoft <eziosoft@gmail.com>
     1	fiendie <at@mail.fiendie.net>
     1	goebish <goebish@gmail.com>
     1	grunbaum nicolas <grunbaum@gmail.Com>
     1	icdark <kamil.bujniewicz@gmail.com>
     1	int77 <serguei.jourba@wanadoo.fr>
     1	jo930 <jo930@live.de>
     1	kestrel253 <ckeoni@yahoo.com>
     1	m3us <m3us@hotmail.com>
     1	norem <tdavis@synergistics.org>
     1	papaiatis <papaiatis@gmail.com>
     1	pinkywafer <pinkywafer@users.noreply.github.com>
     1	pulsar <pulsar@travistester.(none)>
     1	rosek86 <kr.rosinski@gmail.com>
     1	sblakemore <sean@server.fake>
     1	t0mmg <tom.m.gilmour@gmail.com>
     1	wiebel <github@wiebels.info>
